route,title,title_len,description,desc_len
,We could not find that page | Niramay Clinics,45,,0
/,"Niramay Clinics, Nagpur | Diabetes, Heart and Child Care",56,"Diabetes, obesity, thyroid and heart care with Dr. Ajay Kaduskar, and child and adolescent care with Dr. Prajakta Kaduskar. Lab and pharmacy on site.",149
/about/,About Niramay Clinics | Specialist Practice in Nagpur,53,"Niramay Clinics is a family-run specialist practice in Nagpur for diabetes, heart and metabolic care, and child and adolescent health.",134
/accessibility/,Accessibility statement | Niramay Clinics,41,,0
/blooming-buds/,"Child and Adolescent Health Clinic | Blooming Buds, Nagpur",58,"Blooming Buds at Niramay Clinics: baby check-ups, vaccination, teen health, counselling and career guidance with Dr. Prajakta Kaduskar.",135
/blooming-buds/adolescent-health/,Adolescent Health Clinic in Nagpur | Niramay Clinics,52,"Teen health care in Nagpur: growth and puberty, periods and PCOS, anaemia, weight, acne and nutrition, with Dr. Prajakta Kaduskar.",130
/blooming-buds/career-counselling/,Career Counselling and Aptitude Test | Nagpur,45,"Career guidance for students in classes 8 to 12 and graduates in Nagpur: aptitude and interest assessment, stream and course selection.",135
/blooming-buds/psychological-testing/,"IQ, EQ and Personality Testing for Children | Nagpur",52,"IQ, EQ, personality and aptitude assessment for children and teens in Nagpur, with a feedback session for parents.",114
/blooming-buds/teen-mental-health/,"Teen Counselling and Mental Health | Niramay, Nagpur",52,"Confidential counselling for teenagers in Nagpur: exam stress, anxiety, low mood, anger, screen overuse, bullying and self-esteem.",130
/blooming-buds/well-baby-clinic/,Well Baby Clinic in Nagpur | Blooming Buds,42,"Regular baby check-ups in Nagpur: growth charts, milestones, feeding, sleep and vaccination reminders with Dr. Prajakta Kaduskar.",129
/blooming-buds/workshops/,Adolescent Health Workshops for Schools | Nagpur,48,"Workshops by Dr. Prajakta Kaduskar for schools, parents and teachers: puberty, mental wellness, screen use, cyber safety and exam stress.",137
/cancellation-refund-policy/,Cancellation and Refund Policy | Niramay Clinics,48,,0
/contact/,Contact and Book Appointment | Niramay Clinics,46,"Book an appointment at Niramay Clinics, Dhantoli, Nagpur. Call 0712 2422214, message on WhatsApp, or send a request online.",123
/diabetes/,Diabetes Care in Nagpur | Niramay Clinics,41,"Type 1, type 2 and pregnancy diabetes, prediabetes, thyroid and blood pressure care with Dr. Ajay Kaduskar in Dhantoli, Nagpur.",127
/diabetes/complications-screening/,Diabetes Complications Screening in Nagpur | Niramay,52,"Yearly diabetes complication checks under one roof in Nagpur: retinal photography, kidney tests, foot and nerve checks, ECG.",124
/diabetes/diabetes-care-programme/,"Diabetes Care Programme | Niramay Clinics, Nagpur",49,"A structured yearly diabetes care programme in Nagpur: planned consultations, tests, complication screening and nutrition sessions.",131
/diabetes/diabetes-in-pregnancy/,"Diabetes in Pregnancy | Niramay Clinics, Nagpur",47,"Care for gestational diabetes and diabetes in pregnancy in Nagpur, with your obstetrician: testing, diet, insulin and follow-up.",128
/diabetes/prediabetes-risk-assessment/,Prediabetes Risk Check in Nagpur | Niramay Clinics,50,"A prediabetes check in Nagpur for people with family history, weight gain or past borderline sugars: HbA1c, glucose tests and a prevention plan.",144
/diabetes/type-1-diabetes/,Type 1 Diabetes Care in Nagpur | Niramay Clinics,48,"Type 1 diabetes care for teens and adults in Nagpur: insulin planning, monitoring, sick-day rules, diet and support for the whole family.",137
/diabetes/type-2-diabetes/,Type 2 Diabetes Treatment in Nagpur | Niramay Clinics,53,"Personalised type 2 diabetes care in Nagpur: diagnosis, diet, activity, medicines, insulin when needed, and regular complication screening.",139
/doctors/dr-ajay-kaduskar/,"Dr. Ajay V. Kaduskar | Diabetologist, Nagpur",44,"Dr. Ajay V. Kaduskar, MD (Medicine), PGDHSc (Diabetology), FEACD. Diabetes, obesity, thyroid and metabolic care in Dhantoli, Nagpur.",132
/doctors/dr-prajakta-kaduskar/,"Dr. Prajakta Kaduskar | Child and Teen Health, Nagpur",53,"Dr. Prajakta A. Kaduskar, MBBS, DCH, PGDAP, MA (Clinical Psychology). Child and adolescent health, counselling and vaccination in Nagpur.",137
/editorial-policy/,Editorial and Medical Review Policy | Niramay Clinics,53,,0
/faqs/,"FAQs | Niramay Clinics, Dhantoli, Nagpur",40,"Answers about appointments, timings, lab tests, home sample collection, pharmacy, reports, fees and privacy at Niramay Clinics, Nagpur.",135
/health-library/,"Health Library | Niramay Clinics, Nagpur",40,"Articles by Dr. Ajay Kaduskar and Dr. Prajakta Kaduskar on diabetes, weight, heart health, parenting, adolescence and wellbeing.",128
/heart-care/,Heart Check-up and Preventive Cardiology | Nagpur,49,"Find heart risk early: blood pressure, cholesterol, sugar, ECG, 2D Echo and treadmill test in Dhantoli, Nagpur, with a clear plan.",130
/heart-care/2d-echo/,2D Echo Test in Nagpur | Niramay Clinics,40,"2D Echo (heart ultrasound) in Dhantoli, Nagpur. What it shows, how long it takes, how to prepare, and when your doctor may advise it.",133
/heart-care/ecg/,ECG Test in Nagpur | Niramay Clinics,36,"A quick, painless ECG at Niramay Clinics, Dhantoli, Nagpur. What it records, when it is needed, and what to expect.",115
/heart-care/tmt-stress-test/,TMT (Treadmill Stress Test) in Nagpur | Niramay Clinics,55,"Treadmill stress test (TMT) in Dhantoli, Nagpur. Why it is done, how to prepare, what happens during the test and how results are used.",135
/hypertension-clinic/,High Blood Pressure Treatment in Nagpur | Niramay,49,"Diagnosis and long-term care of high blood pressure in Nagpur: tests for causes and organ damage, lifestyle and medicines, ECG on site.",135
/lab/,"Pathology Lab in Dhantoli, Nagpur | Niramay Laboratory",54,"Niramay Laboratory, Dhantoli: blood and urine tests with automated analysers, open 7 am to 7 pm, with home sample collection.",125
/lab/home-sample-collection/,Home Blood Sample Collection in Nagpur | Niramay Lab,52,"Home blood sample collection in Nagpur with Niramay Laboratory. Prior booking, trained phlebotomists, reports shared with your doctor.",134
/medical-disclaimer/,Medical Disclaimer | Niramay Clinics,36,,0
/nutrition-lifestyle-counselling/,"Diet and Nutrition Counselling | Niramay Clinics, Nagpur",56,"Diet plans for diabetes, weight, thyroid, blood pressure and pregnancy in Nagpur, built around Indian home food and your routine.",129
/obesity/,Medical Weight Management in Nagpur | Niramay Clinics,53,"Doctor-led obesity care in Nagpur with a SCOPE-certified consultant: diet and activity plans, medicines when appropriate, and tracking.",135
/obesity/body-composition-sarcopenia/,Body Composition and Sarcopenia Check | Nagpur,46,"Body composition analysis at Niramay Clinics, Nagpur: body fat, visceral fat and muscle mass, with screening for age-related muscle loss.",137
/obesity/weight-management-medicines/,Weight Loss Medicines: Doctor-Supervised Care | Nagpur,54,"Thinking about weight-loss injections or tablets? Who they may suit, why medical supervision matters, and how we assess you.",124
/patient-rights/,Patient rights and responsibilities | Niramay Clinics,53,,0
/pharmacy/,"Niramay Pharmacy, Dhantoli | Licensed Pharmacy, Nagpur",54,"Niramay Pharmacy at Niramay Clinics, Dhantoli: prescribed medicines dispensed by a registered pharmacist, with home delivery in Nagpur.",135
/plan-your-visit/,"Plan Your Visit | Niramay Clinics, Nagpur",41,"How to reach Niramay Clinics, Dhantoli, Nagpur: timings, what to bring, fasting tests, parking, accessibility and fees.",119
/plan-your-visit/coming-from-outside-nagpur/,Visiting Niramay Clinics from outside Nagpur,44,"Travelling from Wardha, Bhandara, Umred, Katol or nearby towns? Plan your visit so consultation, tests and medicines are done in one trip.",138
/preventive-health-check-ups/,Preventive Health Check-ups in Nagpur | Niramay,47,"Doctor-reviewed health check-ups in Nagpur: diabetes, heart, thyroid, kidney and liver screening, with a consultation on your results.",134
/privacy-policy/,"Privacy Policy | Niramay Clinics, Nagpur",40,"How Niramay Clinics collects, uses, protects and shares personal and health information, and how you can exercise your rights.",126
/services/,"Services | Niramay Clinics, Dhantoli, Nagpur",44,"Diabetes, obesity, thyroid, blood pressure and heart tests for adults; vaccination, adolescent health and counselling for children; lab and pharmacy.",149
/terms-of-use/,"Terms of Use | Niramay Clinics, Nagpur",38,,0
/thyroid-clinic/,Thyroid Clinic in Nagpur | Niramay Clinics,42,"Diagnosis and treatment of thyroid disorders in Nagpur: underactive and overactive thyroid, thyroid in pregnancy, and thyroid with diabetes.",140
/vaccination/,Vaccination Clinic in Nagpur | Niramay Clinics,46,"Vaccinations at Niramay Clinics, Nagpur, following the IAP schedule for children and current guidance for teens and adults, including HPV and flu.",146
/health-library/diabetes-myths-and-facts/,Diabetes: 10 Common Myths and the Facts | Niramay,49,"Myths about diabetes delay diagnosis and treatment. Here are ten we hear often in clinic, and what the evidence actually says.",126
/health-library/menstrual-hygiene-teenage-girls/,Menstrual Hygiene for Teenage Girls | Niramay Clinics,53,"Periods are a sign of good health. A practical guide to products, changing, washing, disposal and when to see a doctor.",119
/health-library/preparing-child-for-adolescence/,Preparing Your Child for Adolescence | Niramay,46,"Behaviour is learned, so it can be shaped. How parents can prepare themselves and their children for the teenage years, starting in childhood.",142
/health-library/self-esteem-teenagers-with-disabilities/,Self-Esteem in Teens with Disabilities | Niramay,48,"Teenagers with disabilities want what every teenager wants. Here is how families and professionals can help them build a strong, healthy sense of self.",151
/health-library/smart-love-parenting-teenagers/,Smart Love: Parenting Teenagers | Niramay Clinics,49,"Teenagers need warmth, gentle supervision and room to think for themselves. Here is how parents can balance all three.",118
/thank-you/,"Thank you | Niramay Clinics, Nagpur",35,,0
/styleguide/,"Design system | Niramay Clinics, Nagpur",39,,0
